phase,episode,reward,positions
training,1,9.0,"[(0, 0, 0), (1, 0, 0), (1, -1, 0), (1, -1, 1), (0, -1, 1), (0, -1, 0), (0, -2, 0), (0, -2, 1), (0, -2, 2), (0, -3, 2), (0, -3, 1), (1, -3, 1), (1, -4, 1), (0, -4, 1), (0, -5, 1), (0, -6, 1), (-1, -6, 1), (-1, -7, 1), (-2, -7, 1), (-2, -7, 2), (-2, -8, 2), (-2, -8, 1), (-2, -9, 1), (-1, -9, 1), (-1, -9, 0), (0, -9, 0), (0, -9, -1), (0, -9, -2), (0, -9, -3), (-1, -9, -3), (-1, -9, -4), (-1, -8, -4), (-1, -8, -5), (0, -8, -5), (0, -9, -5), (1, -9, -5), (2, -9, -5), (3, -9, -5), (4, -9, -5), (4, -8, -5), (4, -7, -5), (4, -7, -4), (4, -7, -3), (3, -7, -3), (3, -6, -3), (3, -6, -4), (3, -6, -5), (3, -7, -5), (3, -7, -4), (2, -7, -4), (2, -8, -4), (3, -8, -4), (3, -8, -3), (2, -8, -3), (2, -7, -3), (2, -7, -2), (1, -7, -2), (1, -7, -1), (1, -7, 0), (1, -7, 1)]"
training,3,12.0,"[(0, 0, 0), (1, 0, 0), (1, -1, 0), (1, -1, 1), (2, -1, 1), (2, -1, 2), (3, -1, 2), (3, -1, 3), (3, -2, 3), (3, -3, 3), (3, -3, 4), (3, -4, 4), (3, -4, 5), (2, -4, 5), (1, -4, 5), (1, -3, 5), (1, -3, 6), (1, -3, 7), (1, -2, 7), (2, -2, 7), (2, -2, 6), (3, -2, 6), (4, -2, 6), (4, -2, 5), (3, -2, 5), (3, -2, 4), (2, -2, 4), (2, -2, 5), (2, -3, 5), (2, -3, 4), (2, -3, 3), (2, -2, 3), (2, -1, 3), (2, 0, 3), (2, 0, 2), (3, 0, 2), (3, 0, 3), (3, 1, 3), (2, 1, 3), (2, 2, 3), (2, 2, 4), (3, 2, 4), (3, 2, 5), (3, 3, 5), (3, 3, 6), (3, 3, 7), (2, 3, 7), (1, 3, 7), (1, 3, 8), (1, 2, 8), (1, 2, 9), (2, 2, 9), (3, 2, 9), (3, 3, 9), (3, 3, 8), (2, 3, 8), (2, 3, 9), (2, 4, 9), (2, 4, 10), (2, 3, 10)]"
training,5,12.0,"[(0, 0, 0), (1, 0, 0), (1, -1, 0), (0, -1, 0), (0, -1, 1), (-1, -1, 1), (-1, -1, 0), (-1, 0, 0), (-1, 1, 0), (-1, 1, -1), (0, 1, -1), (0, 1, -2), (0, 2, -2), (0, 3, -2), (1, 3, -2), (1, 2, -2), (1, 2, -1), (1, 1, -1), (1, 1, -2), (1, 1, -3), (1, 0, -3), (1, 0, -4), (1, 0, -5), (2, 0, -5), (2, 1, -5), (1, 1, -5), (1, 2, -5), (0, 2, -5), (0, 1, -5), (0, 1, -6), (1, 1, -6), (1, 2, -6), (2, 2, -6), (3, 2, -6), (3, 2, -5), (2, 2, -5), (2, 3, -5), (2, 4, -5), (1, 4, -5), (1, 5, -5), (0, 5, -5), (0, 5, -4), (-1, 5, -4), (-1, 5, -5), (-1, 4, -5), (-1, 4, -4), (-2, 4, -4), (-2, 4, -3), (-1, 4, -3), (-1, 5, -3), (-1, 5, -2), (-2, 5, -2), (-2, 5, -3), (-2, 6, -3), (-2, 7, -3), (-2, 7, -4), (-3, 7, -4), (-3, 8, -4), (-2, 8, -4), (-2, 9, -4)]"
training,13,13.0,"[(0, 0, 0), (1, 0, 0), (1, -1, 0), (2, -1, 0), (2, 0, 0), (2, 1, 0), (2, 2, 0), (3, 2, 0), (3, 2, 1), (3, 1, 1), (3, 1, 0), (4, 1, 0), (4, 1, -1), (4, 0, -1), (4, 0, -2), (3, 0, -2), (3, 1, -2), (2, 1, -2), (2, 2, -2), (2, 2, -1), (2, 1, -1), (3, 1, -1), (3, 2, -1), (3, 3, -1), (3, 4, -1), (3, 5, -1), (3, 6, -1), (3, 6, 0), (4, 6, 0), (4, 5, 0), (4, 4, 0), (5, 4, 0), (5, 5, 0), (5, 6, 0), (5, 6, -1), (6, 6, -1), (6, 6, 0), (7, 6, 0), (8, 6, 0), (8, 7, 0), (7, 7, 0), (6, 7, 0), (6, 7, -1), (6, 7, -2), (6, 7, -3), (5, 7, -3), (5, 8, -3), (6, 8, -3), (6, 9, -3), (5, 9, -3), (5, 9, -4), (5, 8, -4), (5, 7, -4), (5, 6, -4), (5, 5, -4), (5, 5, -3), (5, 6, -3), (6, 6, -3), (7, 6, -3), (8, 6, -3)]"
training,15,14.0,"[(0, 0, 0), (1, 0, 0), (1, -1, 0), (1, -2, 0), (0, -2, 0), (-1, -2, 0), (-1, -1, 0), (-1, 0, 0), (-1, 0, 1), (0, 0, 1), (0, -1, 1), (-1, -1, 1), (-1, -1, 2), (0, -1, 2), (0, -1, 3), (-1, -1, 3), (-1, -1, 4), (-1, -1, 5), (-1, 0, 5), (-1, 0, 6), (-1, 0, 7), (-1, 1, 7), (-1, 1, 6), (0, 1, 6), (0, 1, 5), (0, 2, 5), (-1, 2, 5), (-1, 3, 5), (-1, 3, 4), (-2, 3, 4), (-2, 2, 4), (-2, 2, 3), (-1, 2, 3), (-1, 2, 4), (0, 2, 4), (0, 3, 4), (0, 3, 3), (-1, 3, 3), (-1, 4, 3), (-1, 4, 4), (0, 4, 4), (0, 5, 4), (1, 5, 4), (1, 5, 3), (1, 6, 3), (1, 7, 3), (1, 7, 4), (0, 7, 4), (0, 6, 4), (0, 6, 3), (-1, 6, 3), (-1, 6, 4), (-2, 6, 4), (-2, 7, 4), (-2, 8, 4), (-2, 9, 4), (-2, 10, 4), (-3, 10, 4), (-3, 11, 4), (-4, 11, 4)]"
training,24,20.0,"[(0, 0, 0), (1, 0, 0), (2, 0, 0), (3, 0, 0), (4, 0, 0), (4, -1, 0), (5, -1, 0), (5, -1, 1), (6, -1, 1), (6, -1, 2), (6, -1, 3), (6, 0, 3), (7, 0, 3), (7, 0, 2), (7, -1, 2), (7, -1, 1), (7, -2, 1), (8, -2, 1), (8, -3, 1), (8, -4, 1), (7, -4, 1), (7, -3, 1), (6, -3, 1), (6, -3, 0), (7, -3, 0), (7, -4, 0), (7, -5, 0), (7, -5, -1), (7, -4, -1), (7, -3, -1), (6, -3, -1), (6, -3, -2), (5, -3, -2), (5, -3, -1), (5, -2, -1), (6, -2, -1), (6, -1, -1), (6, -1, 0), (6, -2, 0), (5, -2, 0), (5, -2, 1), (5, -3, 1), (5, -3, 0), (4, -3, 0), (4, -3, -1), (3, -3, -1), (3, -2, -1), (3, -1, -1), (2, -1, -1), (2, -1, 0), (2, -1, 1), (2, 0, 1), (3, 0, 1), (4, 0, 1), (4, 1, 1), (4, 1, 0), (4, 1, -1), (3, 1, -1), (2, 1, -1), (1, 1, -1)]"
training,67,24.0,"[(0, 0, 0), (1, 0, 0), (1, -1, 0), (1, -1, 1), (1, -2, 1), (1, -2, 2), (1, -2, 3), (1, -3, 3), (1, -3, 2), (1, -3, 1), (1, -4, 1), (1, -4, 0), (2, -4, 0), (2, -4, 1), (2, -4, 2), (3, -4, 2), (3, -3, 2), (3, -3, 3), (2, -3, 3), (2, -3, 2), (2, -3, 1), (2, -2, 1), (2, -2, 2), (3, -2, 2), (3, -2, 1), (3, -3, 1), (4, -3, 1), (4, -2, 1), (4, -2, 2), (4, -2, 3), (5, -2, 3), (5, -3, 3), (5, -3, 4), (5, -2, 4), (4, -2, 4), (3, -2, 4), (3, -3, 4), (3, -3, 5), (3, -2, 5), (2, -2, 5), (2, -2, 4), (2, -2, 3), (3, -2, 3), (3, -1, 3), (3, -1, 2), (3, -1, 1), (2, -1, 1), (2, -1, 2), (2, -1, 3), (1, -1, 3), (0, -1, 3), (0, -1, 4), (1, -1, 4), (1, 0, 4), (1, 0, 5), (1, 0, 6), (1, 0, 7), (1, -1, 7), (1, -2, 7), (1, -2, 8)]"
training,355,25.0,"[(0, 0, 0), (1, 0, 0), (1, -1, 0), (0, -1, 0), (0, -1, 1), (1, -1, 1), (1, -1, 2), (1, -1, 3), (0, -1, 3), (0, -1, 2), (0, -2, 2), (1, -2, 2), (2, -2, 2), (2, -2, 1), (3, -2, 1), (3, -3, 1), (4, -3, 1), (4, -3, 2), (4, -2, 2), (3, -2, 2), (3, -3, 2), (3, -3, 3), (3, -3, 4), (3, -2, 4), (2, -2, 4), (1, -2, 4), (1, -2, 3), (0, -2, 3), (0, -3, 3), (1, -3, 3), (2, -3, 3), (2, -4, 3), (3, -4, 3), (4, -4, 3), (4, -3, 3), (4, -2, 3), (3, -2, 3), (2, -2, 3), (2, -1, 3), (3, -1, 3), (4, -1, 3), (5, -1, 3), (5, -2, 3), (5, -3, 3), (5, -4, 3), (5, -4, 2), (4, -4, 2), (4, -4, 1), (4, -5, 1), (5, -5, 1), (5, -5, 0), (4, -5, 0), (3, -5, 0), (2, -5, 0), (1, -5, 0), (1, -5, -1), (2, -5, -1), (2, -5, -2), (1, -5, -2), (0, -5, -2)]"
training,1504,25.0,"[(0, 0, 0), (1, 0, 0), (2, 0, 0), (2, -1, 0), (2, -1, 1), (2, -2, 1), (2, -2, 0), (1, -2, 0), (1, -1, 0), (1, -1, 1), (0, -1, 1), (0, -2, 1), (0, -2, 0), (0, -1, 0), (0, -1, -1), (0, 0, -1), (0, 0, -2), (1, 0, -2), (1, -1, -2), (1, -1, -1), (1, -2, -1), (2, -2, -1), (2, -1, -1), (3, -1, -1), (4, -1, -1), (4, 0, -1), (4, 1, -1), (3, 1, -1), (3, 1, 0), (3, 1, 1), (3, 0, 1), (3, 0, 0), (4, 0, 0), (5, 0, 0), (6, 0, 0), (6, 0, -1), (5, 0, -1), (5, -1, -1), (5, -1, 0), (5, -2, 0), (6, -2, 0), (7, -2, 0), (7, -2, 1), (6, -2, 1), (6, -1, 1), (6, 0, 1), (6, 1, 1), (6, 2, 1), (6, 2, 0), (6, 2, -1), (6, 1, -1), (6, 1, 0), (5, 1, 0), (5, 1, -1), (5, 1, -2), (4, 1, -2), (3, 1, -2), (3, 2, -2), (3, 3, -2), (3, 3, -3)]"
training,2129,27.0,"[(0, 0, 0), (1, 0, 0), (2, 0, 0), (2, -1, 0), (2, -2, 0), (1, -2, 0), (1, -2, 1), (1, -1, 1), (1, -1, 0), (1, -1, -1), (1, -2, -1), (1, -3, -1), (1, -3, 0), (1, -3, 1), (1, -3, 2), (1, -3, 3), (2, -3, 3), (2, -2, 3), (2, -2, 2), (2, -1, 2), (2, 0, 2), (1, 0, 2), (1, 0, 3), (2, 0, 3), (2, -1, 3), (3, -1, 3), (4, -1, 3), (5, -1, 3), (5, 0, 3), (5, 0, 4), (4, 0, 4), (4, -1, 4), (4, -2, 4), (4, -2, 3), (3, -2, 3), (3, -2, 2), (3, -1, 2), (3, -1, 1), (3, -2, 1), (2, -2, 1), (2, -1, 1), (2, 0, 1), (3, 0, 1), (3, 0, 0), (4, 0, 0), (5, 0, 0), (5, -1, 0), (5, -1, 1), (5, 0, 1), (5, 0, 2), (5, -1, 2), (6, -1, 2), (6, -1, 3), (6, -1, 4), (6, -1, 5), (6, 0, 5), (6, 0, 4), (6, 0, 3), (6, 0, 2), (7, 0, 2)]"
training,2443,27.0,"[(0, 0, 0), (1, 0, 0), (1, -1, 0), (1, -1, 1), (1, 0, 1), (0, 0, 1), (-1, 0, 1), (-1, 0, 2), (0, 0, 2), (0, -1, 2), (-1, -1, 2), (-1, -1, 1), (-1, -1, 0), (-2, -1, 0), (-2, -1, 1), (-2, -2, 1), (-1, -2, 1), (-1, -2, 0), (-1, -3, 0), (-1, -3, 1), (0, -3, 1), (0, -3, 0), (0, -3, -1), (0, -2, -1), (0, -2, 0), (1, -2, 0), (1, -3, 0), (1, -4, 0), (1, -4, 1), (1, -5, 1), (1, -5, 2), (1, -4, 2), (1, -3, 2), (1, -3, 1), (1, -2, 1), (0, -2, 1), (0, -1, 1), (0, -1, 0), (0, -1, -1), (-1, -1, -1), (-1, 0, -1), (-2, 0, -1), (-2, -1, -1), (-2, -1, -2), (-1, -1, -2), (-1, -1, -3), (-1, -1, -4), (-1, 0, -4), (-1, 0, -3), (0, 0, -3), (0, 1, -3), (0, 2, -3), (0, 2, -2), (0, 2, -1), (0, 1, -1), (-1, 1, -1), (-1, 1, 0), (0, 1, 0), (0, 2, 0), (1, 2, 0)]"
training,9345,28.0,"[(0, 0, 0), (1, 0, 0), (1, -1, 0), (1, -2, 0), (2, -2, 0), (3, -2, 0), (3, -2, 1), (3, -3, 1), (3, -3, 2), (3, -2, 2), (2, -2, 2), (2, -3, 2), (2, -3, 3), (3, -3, 3), (3, -2, 3), (3, -1, 3), (3, -1, 2), (3, 0, 2), (3, 1, 2), (2, 1, 2), (2, 2, 2), (2, 2, 1), (2, 1, 1), (1, 1, 1), (1, 1, 2), (1, 0, 2), (1, -1, 2), (1, -1, 3), (0, -1, 3), (0, 0, 3), (1, 0, 3), (1, 0, 4), (2, 0, 4), (2, 0, 3), (2, 0, 2), (2, -1, 2), (2, -1, 1), (2, 0, 1), (1, 0, 1), (1, -1, 1), (1, -2, 1), (1, -2, 2), (1, -3, 2), (1, -3, 1), (1, -4, 1), (2, -4, 1), (2, -4, 2), (3, -4, 2), (4, -4, 2), (5, -4, 2), (5, -4, 3), (4, -4, 3), (4, -3, 3), (4, -3, 2), (5, -3, 2), (5, -3, 3), (5, -3, 4), (4, -3, 4), (4, -3, 5), (4, -2, 5)]"
training,11950,31.0,"[(0, 0, 0), (1, 0, 0), (2, 0, 0), (2, -1, 0), (1, -1, 0), (1, -1, 1), (1, -2, 1), (1, -2, 0), (1, -2, -1), (1, -3, -1), (1, -4, -1), (0, -4, -1), (0, -4, 0), (1, -4, 0), (1, -4, 1), (1, -5, 1), (0, -5, 1), (0, -4, 1), (0, -3, 1), (0, -3, 0), (1, -3, 0), (1, -3, 1), (1, -3, 2), (1, -2, 2), (2, -2, 2), (2, -2, 1), (2, -3, 1), (2, -4, 1), (3, -4, 1), (3, -5, 1), (3, -5, 2), (4, -5, 2), (4, -4, 2), (4, -4, 1), (4, -3, 1), (4, -2, 1), (4, -2, 0), (4, -3, 0), (4, -4, 0), (5, -4, 0), (5, -4, -1), (4, -4, -1), (3, -4, -1), (3, -4, 0), (3, -3, 0), (3, -3, 1), (3, -2, 1), (3, -2, 0), (2, -2, 0), (2, -3, 0), (2, -4, 0), (2, -4, -1), (2, -4, -2), (1, -4, -2), (1, -3, -2), (1, -3, -3), (2, -3, -3), (2, -3, -2), (2, -3, -1), (2, -2, -1)]"
training,14493,31.0,"[(0, 0, 0), (1, 0, 0), (1, -1, 0), (0, -1, 0), (0, -1, 1), (-1, -1, 1), (-1, -1, 0), (-1, -1, -1), (0, -1, -1), (0, -1, -2), (0, -1, -3), (0, 0, -3), (0, 1, -3), (1, 1, -3), (1, 1, -2), (1, 1, -1), (1, 0, -1), (0, 0, -1), (0, 0, -2), (-1, 0, -2), (-1, 0, -1), (-1, 1, -1), (0, 1, -1), (0, 2, -1), (0, 2, -2), (0, 1, -2), (-1, 1, -2), (-1, 1, -3), (-1, 0, -3), (-2, 0, -3), (-2, -1, -3), (-2, -1, -2), (-2, -1, -1), (-2, -2, -1), (-1, -2, -1), (-1, -2, -2), (-1, -3, -2), (0, -3, -2), (1, -3, -2), (1, -3, -3), (1, -2, -3), (0, -2, -3), (0, -2, -2), (0, -2, -1), (0, -3, -1), (-1, -3, -1), (-1, -4, -1), (-1, -4, -2), (-2, -4, -2), (-2, -3, -2), (-2, -2, -2), (-2, -2, -3), (-2, -3, -3), (-3, -3, -3), (-3, -4, -3), (-3, -4, -2), (-3, -3, -2), (-3, -2, -2), (-3, -2, -1), (-3, -3, -1)]"
training,27217,31.0,"[(0, 0, 0), (1, 0, 0), (1, -1, 0), (0, -1, 0), (0, -1, 1), (0, 0, 1), (0, 0, 2), (0, -1, 2), (-1, -1, 2), (-1, 0, 2), (-1, 0, 3), (0, 0, 3), (0, -1, 3), (-1, -1, 3), (-1, -2, 3), (0, -2, 3), (0, -2, 2), (-1, -2, 2), (-2, -2, 2), (-3, -2, 2), (-3, -2, 1), (-2, -2, 1), (-2, -3, 1), (-2, -3, 2), (-1, -3, 2), (-1, -3, 1), (-1, -4, 1), (-1, -4, 0), (0, -4, 0), (0, -5, 0), (0, -5, 1), (0, -4, 1), (0, -4, 2), (0, -4, 3), (-1, -4, 3), (-1, -3, 3), (0, -3, 3), (0, -3, 2), (1, -3, 2), (1, -3, 1), (1, -2, 1), (1, -2, 0), (1, -3, 0), (1, -3, -1), (0, -3, -1), (-1, -3, -1), (-1, -3, 0), (0, -3, 0), (0, -3, 1), (0, -2, 1), (-1, -2, 1), (-1, -2, 0), (-1, -1, 0), (-1, -1, 1), (-1, 0, 1), (-1, 0, 0), (-1, 0, -1), (-2, 0, -1), (-2, 0, 0), (-2, 0, 1)]"
training,30069,32.0,"[(0, 0, 0), (1, 0, 0), (1, -1, 0), (2, -1, 0), (3, -1, 0), (3, -1, 1), (2, -1, 1), (2, -2, 1), (2, -3, 1), (2, -4, 1), (2, -4, 0), (3, -4, 0), (3, -5, 0), (3, -5, 1), (2, -5, 1), (2, -5, 0), (1, -5, 0), (1, -4, 0), (1, -3, 0), (1, -3, -1), (1, -4, -1), (0, -4, -1), (0, -5, -1), (0, -5, -2), (0, -4, -2), (1, -4, -2), (1, -3, -2), (1, -3, -3), (0, -3, -3), (-1, -3, -3), (-1, -3, -2), (-1, -2, -2), (-1, -2, -1), (-1, -2, 0), (-1, -2, 1), (0, -2, 1), (0, -1, 1), (0, -1, 0), (0, -2, 0), (0, -2, -1), (0, -3, -1), (0, -3, 0), (0, -4, 0), (0, -4, 1), (-1, -4, 1), (-1, -3, 1), (0, -3, 1), (1, -3, 1), (1, -2, 1), (1, -2, 0), (2, -2, 0), (2, -2, -1), (1, -2, -1), (1, -1, -1), (1, 0, -1), (0, 0, -1), (0, -1, -1), (-1, -1, -1), (-1, -1, 0), (-2, -1, 0)]"
training,32341,34.0,"[(0, 0, 0), (1, 0, 0), (1, -1, 0), (1, -1, 1), (0, -1, 1), (0, -1, 2), (0, 0, 2), (0, 0, 1), (1, 0, 1), (1, 0, 2), (1, 1, 2), (0, 1, 2), (0, 1, 1), (0, 2, 1), (0, 2, 2), (0, 3, 2), (1, 3, 2), (1, 2, 2), (1, 2, 1), (1, 1, 1), (2, 1, 1), (2, 0, 1), (3, 0, 1), (3, 0, 0), (2, 0, 0), (2, 1, 0), (3, 1, 0), (3, 2, 0), (3, 2, 1), (4, 2, 1), (4, 2, 0), (4, 1, 0), (4, 1, 1), (3, 1, 1), (3, 1, 2), (2, 1, 2), (2, 0, 2), (2, 0, 3), (2, -1, 3), (2, -1, 4), (2, 0, 4), (2, 0, 5), (2, -1, 5), (2, -2, 5), (2, -3, 5), (2, -3, 4), (2, -2, 4), (3, -2, 4), (3, -2, 3), (3, -1, 3), (3, 0, 3), (3, 0, 2), (3, -1, 2), (3, -1, 1), (3, -2, 1), (3, -2, 0), (3, -1, 0), (4, -1, 0), (4, -1, 1), (4, 0, 1)]"
training,40041,34.0,"[(0, 0, 0), (1, 0, 0), (2, 0, 0), (3, 0, 0), (3, -1, 0), (3, -1, 1), (4, -1, 1), (4, -1, 0), (4, 0, 0), (4, 1, 0), (4, 1, 1), (4, 0, 1), (5, 0, 1), (5, 0, 0), (6, 0, 0), (6, 0, 1), (6, 1, 1), (6, 1, 0), (5, 1, 0), (5, 1, 1), (5, 1, 2), (5, 1, 3), (5, 0, 3), (5, 0, 2), (4, 0, 2), (4, 1, 2), (4, 2, 2), (4, 2, 1), (4, 2, 0), (4, 2, -1), (4, 1, -1), (5, 1, -1), (5, 2, -1), (5, 2, 0), (5, 2, 1), (5, 2, 2), (5, 2, 3), (5, 2, 4), (4, 2, 4), (4, 2, 3), (4, 3, 3), (4, 3, 2), (4, 4, 2), (3, 4, 2), (3, 4, 1), (3, 3, 1), (4, 3, 1), (4, 3, 0), (5, 3, 0), (6, 3, 0), (6, 2, 0), (6, 2, 1), (6, 3, 1), (5, 3, 1), (5, 3, 2), (5, 3, 3), (5, 3, 4), (5, 3, 5), (4, 3, 5), (4, 4, 5)]"
training,43803,34.0,"[(0, 0, 0), (1, 0, 0), (1, -1, 0), (0, -1, 0), (0, -1, 1), (0, -2, 1), (0, -2, 0), (0, -3, 0), (0, -3, -1), (0, -3, -2), (0, -2, -2), (0, -2, -3), (1, -2, -3), (1, -1, -3), (1, 0, -3), (1, 0, -2), (2, 0, -2), (2, 0, -1), (2, 0, 0), (2, -1, 0), (3, -1, 0), (3, -1, -1), (2, -1, -1), (2, -1, -2), (2, -2, -2), (1, -2, -2), (1, -1, -2), (0, -1, -2), (0, -1, -3), (0, 0, -3), (0, 0, -2), (0, 0, -1), (1, 0, -1), (1, -1, -1), (0, -1, -1), (0, -2, -1), (1, -2, -1), (1, -2, 0), (1, -2, 1), (1, -3, 1), (2, -3, 1), (2, -3, 0), (2, -2, 0), (2, -2, -1), (3, -2, -1), (3, -2, 0), (3, -3, 0), (3, -3, 1), (3, -2, 1), (3, -1, 1), (4, -1, 1), (4, -1, 0), (4, 0, 0), (3, 0, 0), (3, 0, -1), (3, 1, -1), (2, 1, -1), (2, 1, 0), (3, 1, 0), (3, 1, 1)]"
training,47184,34.0,"[(0, 0, 0), (1, 0, 0), (2, 0, 0), (3, 0, 0), (3, -1, 0), (2, -1, 0), (2, -1, 1), (3, -1, 1), (4, -1, 1), (4, -1, 2), (3, -1, 2), (3, 0, 2), (3, 0, 1), (3, 1, 1), (3, 1, 0), (4, 1, 0), (4, 1, 1), (4, 2, 1), (3, 2, 1), (3, 3, 1), (3, 3, 2), (3, 2, 2), (2, 2, 2), (2, 2, 1), (2, 1, 1), (2, 1, 2), (3, 1, 2), (3, 1, 3), (3, 2, 3), (4, 2, 3), (4, 2, 2), (4, 1, 2), (4, 0, 2), (4, 0, 1), (4, 0, 0), (4, -1, 0), (4, -1, -1), (3, -1, -1), (3, 0, -1), (3, 1, -1), (2, 1, -1), (2, 1, 0), (2, 2, 0), (2, 2, -1), (2, 3, -1), (2, 3, 0), (2, 4, 0), (2, 4, -1), (1, 4, -1), (1, 4, 0), (1, 3, 0), (1, 3, 1), (1, 2, 1), (1, 2, 2), (1, 3, 2), (2, 3, 2), (2, 3, 1), (2, 4, 1), (3, 4, 1), (3, 4, 0)]"
training,49165,35.0,"[(0, 0, 0), (1, 0, 0), (2, 0, 0), (2, -1, 0), (2, -2, 0), (2, -2, 1), (2, -1, 1), (2, -1, 2), (3, -1, 2), (3, -1, 3), (4, -1, 3), (4, -1, 2), (4, 0, 2), (3, 0, 2), (3, 0, 1), (2, 0, 1), (2, 0, 2), (2, 1, 2), (3, 1, 2), (4, 1, 2), (4, 2, 2), (4, 2, 1), (4, 1, 1), (5, 1, 1), (5, 1, 2), (5, 0, 2), (5, 0, 3), (5, -1, 3), (5, -2, 3), (5, -3, 3), (5, -3, 2), (5, -2, 2), (5, -1, 2), (5, -1, 1), (4, -1, 1), (4, 0, 1), (5, 0, 1), (5, 0, 0), (4, 0, 0), (4, 1, 0), (3, 1, 0), (3, 1, 1), (3, 2, 1), (3, 2, 0), (3, 2, -1), (4, 2, -1), (4, 1, -1), (5, 1, -1), (5, 1, 0), (5, 2, 0), (5, 2, 1), (5, 3, 1), (5, 3, 2), (5, 2, 2), (5, 2, 3), (5, 1, 3), (4, 1, 3), (4, 0, 3), (3, 0, 3), (3, 0, 4)]"
training,49985,35.0,"[(0, 0, 0), (1, 0, 0), (2, 0, 0), (2, -1, 0), (2, -1, 1), (1, -1, 1), (1, -1, 2), (2, -1, 2), (2, -2, 2), (1, -2, 2), (1, -2, 1), (0, -2, 1), (0, -2, 0), (-1, -2, 0), (-1, -1, 0), (-1, -1, 1), (-1, -2, 1), (-1, -2, 2), (0, -2, 2), (0, -1, 2), (0, -1, 1), (0, -1, 0), (1, -1, 0), (1, -2, 0), (2, -2, 0), (2, -2, -1), (1, -2, -1), (1, -1, -1), (0, -1, -1), (-1, -1, -1), (-1, -1, -2), (-1, -2, -2), (-1, -2, -1), (0, -2, -1), (0, -3, -1), (-1, -3, -1), (-1, -3, -2), (-1, -4, -2), (-1, -4, -1), (-1, -4, 0), (-1, -3, 0), (0, -3, 0), (0, -3, 1), (1, -3, 1), (1, -4, 1), (0, -4, 1), (0, -4, 0), (1, -4, 0), (1, -3, 0), (2, -3, 0), (2, -3, 1), (2, -2, 1), (3, -2, 1), (3, -2, 2), (4, -2, 2), (5, -2, 2), (5, -3, 2), (6, -3, 2), (6, -4, 2), (7, -4, 2)]"
training,51404,38.0,"[(0, 0, 0), (1, 0, 0), (1, -1, 0), (1, -1, 1), (1, -2, 1), (1, -2, 2), (1, -3, 2), (1, -3, 1), (2, -3, 1), (2, -4, 1), (2, -4, 0), (2, -3, 0), (2, -3, -1), (2, -4, -1), (2, -4, -2), (2, -5, -2), (2, -5, -1), (2, -5, 0), (3, -5, 0), (3, -4, 0), (3, -4, 1), (3, -3, 1), (3, -3, 2), (2, -3, 2), (2, -2, 2), (2, -2, 1), (2, -1, 1), (2, -1, 0), (2, -2, 0), (1, -2, 0), (1, -3, 0), (1, -4, 0), (1, -4, 1), (1, -5, 1), (1, -5, 2), (1, -4, 2), (1, -4, 3), (1, -4, 4), (1, -5, 4), (1, -5, 3), (2, -5, 3), (2, -5, 2), (2, -5, 1), (3, -5, 1), (3, -5, 2), (3, -5, 3), (3, -4, 3), (3, -4, 2), (2, -4, 2), (2, -4, 3), (2, -4, 4), (2, -5, 4), (3, -5, 4), (3, -6, 4), (3, -6, 3), (2, -6, 3), (1, -6, 3), (0, -6, 3), (0, -5, 3), (-1, -5, 3)]"
training,60358,38.0,"[(0, 0, 0), (1, 0, 0), (2, 0, 0), (3, 0, 0), (3, -1, 0), (2, -1, 0), (2, -2, 0), (2, -2, 1), (3, -2, 1), (3, -2, 2), (3, -1, 2), (3, -1, 1), (2, -1, 1), (1, -1, 1), (1, -2, 1), (1, -2, 2), (1, -1, 2), (2, -1, 2), (2, -1, 3), (2, 0, 3), (2, 0, 2), (3, 0, 2), (3, 0, 1), (2, 0, 1), (1, 0, 1), (1, 0, 2), (1, 1, 2), (2, 1, 2), (2, 1, 3), (3, 1, 3), (3, 1, 4), (3, 0, 4), (3, 0, 3), (3, -1, 3), (3, -2, 3), (3, -2, 4), (4, -2, 4), (4, -2, 3), (4, -1, 3), (4, -1, 2), (4, 0, 2), (4, 0, 1), (4, -1, 1), (4, -1, 0), (4, -2, 0), (4, -2, 1), (4, -3, 1), (4, -3, 2), (4, -3, 3), (3, -3, 3), (2, -3, 3), (2, -3, 2), (2, -2, 2), (2, -2, 3), (2, -2, 4), (2, -1, 4), (2, 0, 4), (2, 1, 4), (2, 2, 4), (2, 3, 4)]"
training,62253,38.0,"[(0, 0, 0), (1, 0, 0), (2, 0, 0), (3, 0, 0), (3, -1, 0), (3, -2, 0), (2, -2, 0), (1, -2, 0), (1, -2, 1), (1, -1, 1), (1, -1, 2), (1, -2, 2), (1, -3, 2), (1, -3, 1), (1, -3, 0), (2, -3, 0), (2, -3, -1), (3, -3, -1), (3, -2, -1), (2, -2, -1), (1, -2, -1), (1, -1, -1), (1, -1, 0), (2, -1, 0), (2, -1, -1), (2, -1, -2), (1, -1, -2), (1, -2, -2), (2, -2, -2), (2, -3, -2), (1, -3, -2), (1, -3, -1), (0, -3, -1), (0, -3, 0), (0, -3, 1), (0, -2, 1), (0, -2, 0), (0, -2, -1), (0, -1, -1), (0, -1, 0), (0, -1, 1), (0, 0, 1), (1, 0, 1), (1, 0, 2), (1, 1, 2), (1, 1, 3), (1, 0, 3), (2, 0, 3), (2, 0, 2), (2, 1, 2), (2, 1, 1), (2, 0, 1), (2, -1, 1), (2, -1, 2), (2, -1, 3), (3, -1, 3), (3, -1, 2), (3, 0, 2), (3, 0, 1), (3, -1, 1)]"
training,62633,38.0,"[(0, 0, 0), (1, 0, 0), (1, -1, 0), (2, -1, 0), (2, -2, 0), (3, -2, 0), (3, -2, 1), (2, -2, 1), (2, -1, 1), (1, -1, 1), (1, -1, 2), (1, 0, 2), (1, 0, 3), (1, -1, 3), (2, -1, 3), (3, -1, 3), (3, -2, 3), (3, -2, 2), (3, -1, 2), (2, -1, 2), (2, 0, 2), (2, 0, 1), (1, 0, 1), (1, 1, 1), (1, 1, 2), (2, 1, 2), (2, 1, 1), (2, 1, 0), (2, 0, 0), (2, 0, -1), (2, 0, -2), (2, -1, -2), (2, -1, -1), (3, -1, -1), (3, -1, 0), (3, 0, 0), (3, 1, 0), (3, 1, 1), (3, 2, 1), (2, 2, 1), (2, 2, 2), (2, 3, 2), (2, 3, 1), (3, 3, 1), (3, 3, 2), (3, 2, 2), (3, 2, 3), (3, 1, 3), (3, 1, 2), (3, 0, 2), (4, 0, 2), (4, 0, 1), (3, 0, 1), (3, -1, 1), (4, -1, 1), (4, -1, 0), (4, -2, 0), (4, -2, -1), (4, -2, -2), (4, -2, -3)]"
training,66073,38.0,"[(0, 0, 0), (1, 0, 0), (2, 0, 0), (3, 0, 0), (3, -1, 0), (2, -1, 0), (2, -1, 1), (2, 0, 1), (2, 0, 2), (3, 0, 2), (3, 0, 1), (3, -1, 1), (3, -1, 2), (2, -1, 2), (2, -2, 2), (2, -2, 1), (2, -2, 0), (3, -2, 0), (3, -2, 1), (3, -2, 2), (3, -2, 3), (3, -1, 3), (4, -1, 3), (4, -1, 2), (4, -1, 1), (4, 0, 1), (4, 0, 0), (4, -1, 0), (5, -1, 0), (5, -2, 0), (6, -2, 0), (6, -1, 0), (6, -1, 1), (5, -1, 1), (5, 0, 1), (5, 1, 1), (4, 1, 1), (4, 2, 1), (4, 2, 0), (4, 1, 0), (4, 1, -1), (4, 0, -1), (4, 0, -2), (4, -1, -2), (4, -1, -1), (3, -1, -1), (3, 0, -1), (3, 1, -1), (3, 1, 0), (2, 1, 0), (2, 1, 1), (2, 2, 1), (2, 2, 0), (3, 2, 0), (3, 2, 1), (3, 1, 1), (3, 1, 2), (4, 1, 2), (4, 0, 2), (5, 0, 2)]"
training,66799,38.0,"[(0, 0, 0), (1, 0, 0), (1, -1, 0), (2, -1, 0), (2, -1, 1), (2, -1, 2), (2, -1, 3), (3, -1, 3), (3, -1, 2), (3, 0, 2), (3, 0, 1), (3, 0, 0), (3, -1, 0), (3, -1, 1), (4, -1, 1), (4, -1, 2), (4, 0, 2), (4, 0, 1), (4, 1, 1), (3, 1, 1), (3, 1, 2), (2, 1, 2), (2, 2, 2), (2, 2, 1), (2, 1, 1), (1, 1, 1), (1, 1, 2), (1, 2, 2), (1, 2, 1), (1, 3, 1), (1, 4, 1), (2, 4, 1), (2, 4, 0), (2, 3, 0), (2, 3, 1), (3, 3, 1), (3, 3, 2), (3, 2, 2), (3, 2, 1), (3, 2, 0), (3, 1, 0), (3, 1, -1), (3, 0, -1), (3, 0, -2), (3, 1, -2), (2, 1, -2), (2, 1, -1), (2, 2, -1), (2, 2, 0), (2, 1, 0), (2, 0, 0), (2, 0, 1), (2, 0, 2), (1, 0, 2), (1, 0, 1), (1, -1, 1), (1, -1, 2), (0, -1, 2), (0, 0, 2), (0, 0, 1)]"
training,67512,40.0,"[(0, 0, 0), (1, 0, 0), (2, 0, 0), (2, -1, 0), (1, -1, 0), (1, -1, 1), (2, -1, 1), (2, -1, 2), (2, 0, 2), (2, 0, 1), (3, 0, 1), (3, -1, 1), (3, -1, 2), (3, 0, 2), (3, 0, 3), (3, -1, 3), (3, -2, 3), (3, -3, 3), (3, -3, 2), (3, -2, 2), (3, -2, 1), (2, -2, 1), (2, -2, 0), (3, -2, 0), (3, -1, 0), (4, -1, 0), (4, -2, 0), (4, -2, 1), (4, -1, 1), (4, -1, 2), (4, -2, 2), (4, -2, 3), (4, -3, 3), (4, -3, 2), (4, -3, 1), (3, -3, 1), (3, -3, 0), (2, -3, 0), (2, -3, 1), (1, -3, 1), (1, -3, 0), (1, -4, 0), (1, -4, 1), (2, -4, 1), (2, -4, 2), (2, -4, 3), (2, -3, 3), (2, -2, 3), (2, -2, 2), (1, -2, 2), (1, -2, 1), (1, -2, 0), (1, -2, -1), (1, -1, -1), (0, -1, -1), (0, -1, 0), (0, -2, 0), (0, -2, 1), (0, -3, 1), (-1, -3, 1)]"
training,69533,40.0,"[(0, 0, 0), (1, 0, 0), (2, 0, 0), (3, 0, 0), (3, -1, 0), (4, -1, 0), (4, -1, 1), (4, 0, 1), (3, 0, 1), (2, 0, 1), (2, 0, 2), (2, -1, 2), (2, -1, 3), (2, 0, 3), (3, 0, 3), (3, 1, 3), (3, 1, 2), (3, 0, 2), (3, -1, 2), (3, -1, 1), (3, -2, 1), (2, -2, 1), (2, -2, 0), (2, -1, 0), (2, -1, 1), (1, -1, 1), (1, -2, 1), (1, -2, 2), (1, -1, 2), (1, -1, 3), (1, -2, 3), (1, -2, 4), (2, -2, 4), (2, -3, 4), (2, -3, 3), (2, -2, 3), (2, -2, 2), (3, -2, 2), (3, -3, 2), (3, -3, 3), (3, -2, 3), (3, -2, 4), (3, -3, 4), (4, -3, 4), (5, -3, 4), (5, -2, 4), (5, -2, 3), (5, -1, 3), (5, -1, 2), (5, -1, 1), (5, 0, 1), (5, 0, 2), (4, 0, 2), (4, 0, 3), (4, -1, 3), (4, -1, 2), (4, -2, 2), (4, -2, 1), (4, -2, 0), (4, -2, -1)]"
training,81487,41.0,"[(0, 0, 0), (1, 0, 0), (1, -1, 0), (2, -1, 0), (2, -1, 1), (2, 0, 1), (1, 0, 1), (0, 0, 1), (-1, 0, 1), (-1, -1, 1), (-1, -1, 2), (-1, 0, 2), (0, 0, 2), (1, 0, 2), (2, 0, 2), (2, -1, 2), (2, -1, 3), (1, -1, 3), (1, -1, 2), (1, -1, 1), (0, -1, 1), (0, -1, 2), (0, -2, 2), (0, -2, 3), (0, -1, 3), (-1, -1, 3), (-1, -1, 4), (-1, -2, 4), (-1, -2, 3), (-1, -2, 2), (-1, -2, 1), (-1, -2, 0), (0, -2, 0), (0, -2, 1), (1, -2, 1), (2, -2, 1), (2, -2, 0), (1, -2, 0), (1, -2, -1), (0, -2, -1), (0, -1, -1), (0, -1, 0), (-1, -1, 0), (-1, 0, 0), (-1, 0, -1), (-1, -1, -1), (-1, -2, -1), (-2, -2, -1), (-2, -2, 0), (-2, -1, 0), (-2, -1, 1), (-2, 0, 1), (-2, 0, 2), (-2, -1, 2), (-3, -1, 2), (-3, -1, 1), (-3, 0, 1), (-3, 0, 0), (-3, -1, 0), (-3, -1, -1)]"
training,81770,41.0,"[(0, 0, 0), (1, 0, 0), (2, 0, 0), (3, 0, 0), (4, 0, 0), (4, -1, 0), (4, -1, 1), (4, 0, 1), (3, 0, 1), (2, 0, 1), (2, 0, 2), (3, 0, 2), (3, 1, 2), (2, 1, 2), (2, 1, 3), (3, 1, 3), (3, 0, 3), (4, 0, 3), (4, 0, 2), (4, 1, 2), (4, 1, 1), (3, 1, 1), (3, 2, 1), (3, 2, 2), (4, 2, 2), (5, 2, 2), (6, 2, 2), (6, 2, 1), (5, 2, 1), (5, 3, 1), (5, 3, 2), (4, 3, 2), (4, 3, 1), (4, 2, 1), (4, 2, 0), (4, 1, 0), (4, 1, -1), (4, 2, -1), (3, 2, -1), (3, 2, 0), (3, 1, 0), (3, 1, -1), (3, 0, -1), (3, 0, -2), (3, 1, -2), (2, 1, -2), (2, 1, -1), (2, 2, -1), (2, 2, 0), (2, 1, 0), (2, 1, 1), (1, 1, 1), (1, 1, 0), (1, 2, 0), (1, 2, 1), (2, 2, 1), (2, 3, 1), (2, 3, 0), (3, 3, 0), (3, 3, 1)]"
training,86479,41.0,"[(0, 0, 0), (1, 0, 0), (2, 0, 0), (3, 0, 0), (3, -1, 0), (2, -1, 0), (2, -1, 1), (2, 0, 1), (3, 0, 1), (3, 1, 1), (3, 1, 0), (3, 2, 0), (2, 2, 0), (2, 2, 1), (2, 2, 2), (3, 2, 2), (3, 2, 1), (4, 2, 1), (4, 1, 1), (4, 1, 0), (4, 2, 0), (4, 2, -1), (3, 2, -1), (3, 1, -1), (2, 1, -1), (2, 1, 0), (2, 1, 1), (2, 1, 2), (3, 1, 2), (4, 1, 2), (5, 1, 2), (5, 1, 1), (5, 0, 1), (5, 0, 0), (5, 1, 0), (5, 1, -1), (4, 1, -1), (4, 1, -2), (3, 1, -2), (3, 2, -2), (2, 2, -2), (2, 1, -2), (1, 1, -2), (1, 1, -1), (1, 0, -1), (2, 0, -1), (2, 0, -2), (3, 0, -2), (3, 0, -1), (4, 0, -1), (4, 0, 0), (4, 0, 1), (4, -1, 1), (4, -1, 0), (5, -1, 0), (5, -1, -1), (5, 0, -1), (5, 0, -2), (5, 1, -2), (5, 1, -3)]"
training,86741,42.0,"[(0, 0, 0), (1, 0, 0), (2, 0, 0), (3, 0, 0), (4, 0, 0), (4, -1, 0), (3, -1, 0), (2, -1, 0), (2, -1, 1), (2, 0, 1), (3, 0, 1), (3, 1, 1), (3, 1, 0), (2, 1, 0), (2, 1, 1), (2, 2, 1), (2, 2, 0), (3, 2, 0), (3, 2, -1), (3, 1, -1), (4, 1, -1), (4, 1, 0), (4, 1, 1), (4, 0, 1), (4, -1, 1), (3, -1, 1), (3, -1, 2), (2, -1, 2), (2, 0, 2), (3, 0, 2), (4, 0, 2), (4, 0, 3), (4, -1, 3), (4, -1, 2), (5, -1, 2), (5, -1, 1), (5, 0, 1), (5, 0, 0), (5, 1, 0), (5, 1, -1), (5, 0, -1), (4, 0, -1), (3, 0, -1), (3, -1, -1), (4, -1, -1), (4, -1, -2), (4, -1, -3), (3, -1, -3), (3, -1, -2), (3, 0, -2), (4, 0, -2), (4, 1, -2), (4, 2, -2), (4, 2, -1), (5, 2, -1), (5, 2, 0), (4, 2, 0), (4, 2, 1), (3, 2, 1), (3, 3, 1)]"
training,87553,45.0,"[(0, 0, 0), (1, 0, 0), (2, 0, 0), (3, 0, 0), (3, -1, 0), (2, -1, 0), (2, -2, 0), (2, -2, 1), (2, -1, 1), (2, -1, 2), (2, 0, 2), (2, 0, 3), (2, 1, 3), (1, 1, 3), (1, 0, 3), (1, 0, 2), (1, 1, 2), (2, 1, 2), (2, 1, 1), (2, 0, 1), (3, 0, 1), (3, 0, 2), (3, 1, 2), (3, 1, 3), (4, 1, 3), (4, 1, 2), (4, 0, 2), (4, 0, 3), (3, 0, 3), (3, 0, 4), (2, 0, 4), (2, -1, 4), (2, -1, 3), (3, -1, 3), (3, -1, 2), (3, -1, 1), (4, -1, 1), (4, -1, 0), (4, -2, 0), (3, -2, 0), (3, -2, 1), (4, -2, 1), (5, -2, 1), (5, -2, 0), (5, -1, 0), (5, -1, -1), (4, -1, -1), (4, 0, -1), (4, 0, 0), (4, 0, 1), (4, 1, 1), (3, 1, 1), (3, 1, 0), (2, 1, 0), (2, 1, -1), (2, 0, -1), (3, 0, -1), (3, -1, -1), (2, -1, -1), (1, -1, -1)]"
training,88212,45.0,"[(0, 0, 0), (1, 0, 0), (2, 0, 0), (3, 0, 0), (3, -1, 0), (2, -1, 0), (2, -1, 1), (2, 0, 1), (3, 0, 1), (3, 1, 1), (3, 1, 0), (4, 1, 0), (4, 0, 0), (4, 0, 1), (4, -1, 1), (3, -1, 1), (3, -1, 2), (2, -1, 2), (2, 0, 2), (3, 0, 2), (3, 1, 2), (4, 1, 2), (4, 1, 1), (5, 1, 1), (5, 1, 2), (5, 2, 2), (5, 2, 1), (4, 2, 1), (4, 2, 2), (4, 2, 3), (4, 1, 3), (4, 0, 3), (4, 0, 2), (5, 0, 2), (5, 0, 1), (5, 0, 0), (5, 1, 0), (5, 2, 0), (4, 2, 0), (4, 3, 0), (4, 3, 1), (3, 3, 1), (3, 3, 0), (3, 2, 0), (3, 2, -1), (3, 1, -1), (3, 0, -1), (2, 0, -1), (2, 1, -1), (2, 1, 0), (2, 2, 0), (2, 2, 1), (3, 2, 1), (3, 2, 2), (2, 2, 2), (2, 1, 2), (2, 1, 1), (1, 1, 1), (1, 0, 1), (1, 0, 2)]"
training,98824,45.0,"[(0, 0, 0), (1, 0, 0), (2, 0, 0), (3, 0, 0), (4, 0, 0), (4, -1, 0), (3, -1, 0), (3, -1, 1), (3, 0, 1), (3, 0, 2), (3, 1, 2), (3, 1, 1), (4, 1, 1), (4, 0, 1), (4, 0, 2), (4, -1, 2), (3, -1, 2), (2, -1, 2), (2, -1, 1), (2, 0, 1), (2, 0, 2), (2, 1, 2), (2, 1, 1), (2, 1, 0), (2, 2, 0), (2, 2, 1), (2, 3, 1), (2, 3, 2), (2, 2, 2), (2, 2, 3), (2, 2, 4), (2, 3, 4), (2, 3, 3), (3, 3, 3), (3, 3, 2), (3, 2, 2), (3, 2, 1), (3, 2, 0), (3, 1, 0), (4, 1, 0), (4, 2, 0), (4, 2, 1), (4, 2, 2), (4, 1, 2), (4, 1, 3), (4, 0, 3), (3, 0, 3), (3, 1, 3), (3, 2, 3), (4, 2, 3), (4, 3, 3), (4, 3, 2), (4, 3, 1), (3, 3, 1), (3, 3, 0), (4, 3, 0), (4, 3, -1), (4, 2, -1), (5, 2, -1), (5, 2, 0)]"
training,104942,45.0,"[(0, 0, 0), (1, 0, 0), (2, 0, 0), (3, 0, 0), (4, 0, 0), (4, -1, 0), (3, -1, 0), (3, -2, 0), (2, -2, 0), (2, -1, 0), (2, -1, 1), (2, -2, 1), (2, -2, 2), (2, -1, 2), (3, -1, 2), (3, 0, 2), (3, 0, 1), (3, -1, 1), (3, -2, 1), (3, -3, 1), (2, -3, 1), (2, -3, 0), (3, -3, 0), (3, -3, -1), (4, -3, -1), (4, -2, -1), (4, -2, -2), (4, -3, -2), (3, -3, -2), (3, -4, -2), (3, -4, -1), (2, -4, -1), (2, -3, -1), (2, -2, -1), (3, -2, -1), (3, -1, -1), (3, -1, -2), (3, -2, -2), (2, -2, -2), (2, -3, -2), (1, -3, -2), (1, -2, -2), (1, -2, -1), (1, -3, -1), (1, -3, 0), (1, -2, 0), (1, -1, 0), (1, -1, -1), (2, -1, -1), (2, 0, -1), (3, 0, -1), (3, 0, -2), (2, 0, -2), (2, -1, -2), (1, -1, -2), (1, 0, -2), (1, 0, -1), (1, 1, -1), (2, 1, -1), (2, 1, -2)]"
training,107326,45.0,"[(0, 0, 0), (1, 0, 0), (2, 0, 0), (3, 0, 0), (3, -1, 0), (3, -2, 0), (4, -2, 0), (4, -1, 0), (4, -1, 1), (3, -1, 1), (2, -1, 1), (2, -1, 0), (2, -2, 0), (2, -2, 1), (1, -2, 1), (1, -2, 2), (2, -2, 2), (2, -1, 2), (3, -1, 2), (3, 0, 2), (2, 0, 2), (2, 0, 1), (3, 0, 1), (3, 1, 1), (3, 1, 2), (2, 1, 2), (2, 1, 1), (2, 2, 1), (2, 2, 2), (3, 2, 2), (3, 2, 1), (4, 2, 1), (4, 1, 1), (4, 0, 1), (4, 0, 2), (4, 1, 2), (4, 1, 3), (3, 1, 3), (3, 0, 3), (3, -1, 3), (2, -1, 3), (2, 0, 3), (2, 1, 3), (2, 1, 4), (3, 1, 4), (3, 0, 4), (4, 0, 4), (4, 0, 3), (4, -1, 3), (4, -1, 2), (4, -2, 2), (4, -2, 1), (3, -2, 1), (3, -2, 2), (3, -3, 2), (4, -3, 2), (4, -3, 3), (4, -2, 3), (3, -2, 3), (3, -2, 4)]"
training,108449,45.0,"[(0, 0, 0), (1, 0, 0), (2, 0, 0), (3, 0, 0), (4, 0, 0), (4, -1, 0), (3, -1, 0), (3, -2, 0), (2, -2, 0), (2, -1, 0), (2, -1, 1), (2, -1, 2), (2, 0, 2), (2, 1, 2), (2, 1, 3), (2, 0, 3), (1, 0, 3), (1, 0, 2), (1, 1, 2), (1, 1, 1), (2, 1, 1), (2, 1, 0), (3, 1, 0), (3, 1, 1), (4, 1, 1), (4, 1, 0), (4, 1, -1), (4, 0, -1), (3, 0, -1), (3, -1, -1), (2, -1, -1), (1, -1, -1), (1, -1, 0), (1, -2, 0), (1, -2, 1), (1, -1, 1), (1, 0, 1), (2, 0, 1), (3, 0, 1), (3, -1, 1), (3, -2, 1), (2, -2, 1), (2, -2, 2), (3, -2, 2), (3, -2, 3), (3, -2, 4), (2, -2, 4), (2, -2, 3), (2, -1, 3), (3, -1, 3), (3, -1, 2), (3, 0, 2), (3, 1, 2), (4, 1, 2), (4, 0, 2), (4, 0, 1), (4, -1, 1), (5, -1, 1), (5, -1, 2), (5, -1, 3)]"
training,109147,45.0,"[(0, 0, 0), (1, 0, 0), (2, 0, 0), (3, 0, 0), (4, 0, 0), (4, -1, 0), (3, -1, 0), (2, -1, 0), (2, -1, 1), (3, -1, 1), (3, 0, 1), (4, 0, 1), (4, 1, 1), (3, 1, 1), (3, 2, 1), (4, 2, 1), (4, 2, 0), (4, 1, 0), (3, 1, 0), (2, 1, 0), (2, 1, 1), (2, 0, 1), (1, 0, 1), (1, 0, 2), (2, 0, 2), (2, 1, 2), (3, 1, 2), (4, 1, 2), (4, 1, 3), (3, 1, 3), (3, 0, 3), (4, 0, 3), (4, 0, 2), (3, 0, 2), (3, -1, 2), (2, -1, 2), (2, -2, 2), (3, -2, 2), (3, -2, 1), (3, -3, 1), (2, -3, 1), (2, -2, 1), (2, -2, 0), (3, -2, 0), (3, -2, -1), (2, -2, -1), (1, -2, -1), (1, -2, 0), (1, -1, 0), (1, -1, 1), (1, -1, 2), (1, -2, 2), (0, -2, 2), (0, -3, 2), (1, -3, 2), (1, -3, 1), (1, -2, 1), (0, -2, 1), (0, -3, 1), (-1, -3, 1)]"
training,109396,46.0,"[(0, 0, 0), (1, 0, 0), (2, 0, 0), (3, 0, 0), (4, 0, 0), (5, 0, 0), (5, -1, 0), (4, -1, 0), (4, -1, 1), (4, 0, 1), (4, 1, 1), (4, 1, 0), (4, 2, 0), (4, 2, 1), (4, 3, 1), (4, 3, 0), (3, 3, 0), (3, 2, 0), (3, 2, 1), (3, 1, 1), (3, 1, 0), (3, 1, -1), (4, 1, -1), (4, 2, -1), (3, 2, -1), (2, 2, -1), (2, 1, -1), (2, 1, 0), (2, 2, 0), (2, 2, 1), (2, 1, 1), (2, 0, 1), (3, 0, 1), (3, -1, 1), (3, -1, 0), (3, -2, 0), (3, -2, -1), (3, -1, -1), (2, -1, -1), (2, -1, 0), (2, -2, 0), (2, -2, -1), (2, -2, -2), (3, -2, -2), (3, -2, -3), (4, -2, -3), (4, -2, -2), (4, -1, -2), (4, -1, -1), (4, 0, -1), (3, 0, -1), (3, 0, -2), (3, -1, -2), (2, -1, -2), (2, 0, -2), (2, 0, -1), (1, 0, -1), (1, -1, -1), (1, -1, 0), (1, -2, 0)]"
training,115338,46.0,"[(0, 0, 0), (1, 0, 0), (2, 0, 0), (3, 0, 0), (4, 0, 0), (4, -1, 0), (3, -1, 0), (2, -1, 0), (2, -1, 1), (3, -1, 1), (4, -1, 1), (4, 0, 1), (3, 0, 1), (2, 0, 1), (2, 0, 2), (3, 0, 2), (4, 0, 2), (4, -1, 2), (4, -2, 2), (3, -2, 2), (3, -1, 2), (2, -1, 2), (2, -2, 2), (2, -2, 3), (3, -2, 3), (3, -1, 3), (2, -1, 3), (2, -1, 4), (3, -1, 4), (3, -2, 4), (2, -2, 4), (1, -2, 4), (1, -2, 3), (1, -2, 2), (1, -2, 1), (2, -2, 1), (2, -2, 0), (3, -2, 0), (3, -2, 1), (4, -2, 1), (4, -3, 1), (3, -3, 1), (3, -3, 2), (3, -3, 3), (3, -4, 3), (3, -4, 2), (3, -4, 1), (3, -4, 0), (3, -3, 0), (2, -3, 0), (2, -3, 1), (2, -3, 2), (2, -3, 3), (1, -3, 3), (1, -3, 2), (1, -3, 1), (1, -3, 0), (1, -2, 0), (1, -1, 0), (1, -1, -1)]"
training,121935,46.0,"[(0, 0, 0), (1, 0, 0), (2, 0, 0), (3, 0, 0), (4, 0, 0), (4, -1, 0), (3, -1, 0), (2, -1, 0), (2, -1, 1), (2, -1, 2), (2, 0, 2), (2, 0, 1), (3, 0, 1), (3, -1, 1), (4, -1, 1), (5, -1, 1), (5, -1, 2), (4, -1, 2), (3, -1, 2), (3, 0, 2), (3, 1, 2), (2, 1, 2), (2, 1, 1), (3, 1, 1), (4, 1, 1), (4, 0, 1), (4, 0, 2), (4, 0, 3), (3, 0, 3), (3, 0, 4), (4, 0, 4), (4, -1, 4), (4, -1, 3), (3, -1, 3), (2, -1, 3), (2, 0, 3), (2, 1, 3), (3, 1, 3), (4, 1, 3), (4, 1, 2), (4, 2, 2), (5, 2, 2), (5, 1, 2), (6, 1, 2), (6, 1, 1), (5, 1, 1), (5, 0, 1), (5, 0, 2), (5, 0, 3), (5, 1, 3), (5, 2, 3), (4, 2, 3), (3, 2, 3), (3, 2, 2), (3, 2, 1), (4, 2, 1), (5, 2, 1), (6, 2, 1), (6, 2, 2), (7, 2, 2)]"
training,124514,46.0,"[(0, 0, 0), (1, 0, 0), (2, 0, 0), (3, 0, 0), (3, -1, 0), (2, -1, 0), (2, -1, 1), (2, 0, 1), (2, 0, 2), (2, 0, 3), (3, 0, 3), (3, -1, 3), (3, -1, 2), (3, -1, 1), (3, -2, 1), (4, -2, 1), (4, -1, 1), (4, -1, 2), (4, 0, 2), (3, 0, 2), (3, 0, 1), (4, 0, 1), (4, 1, 1), (4, 1, 2), (3, 1, 2), (2, 1, 2), (2, 1, 3), (2, 1, 4), (2, 2, 4), (2, 2, 3), (2, 2, 2), (2, 2, 1), (2, 1, 1), (3, 1, 1), (3, 1, 0), (2, 1, 0), (2, 2, 0), (3, 2, 0), (3, 2, 1), (3, 2, 2), (3, 2, 3), (3, 1, 3), (4, 1, 3), (4, 0, 3), (5, 0, 3), (5, 0, 2), (5, 0, 1), (5, 0, 0), (4, 0, 0), (4, 1, 0), (4, 2, 0), (4, 2, 1), (4, 2, 2), (4, 2, 3), (4, 2, 4), (3, 2, 4), (3, 1, 4), (4, 1, 4), (4, 1, 5), (5, 1, 5)]"
training,125482,46.0,"[(0, 0, 0), (1, 0, 0), (2, 0, 0), (3, 0, 0), (3, -1, 0), (2, -1, 0), (2, -1, 1), (2, -1, 2), (3, -1, 2), (3, -1, 1), (3, 0, 1), (2, 0, 1), (1, 0, 1), (1, -1, 1), (0, -1, 1), (0, 0, 1), (0, 0, 2), (1, 0, 2), (1, 0, 3), (1, -1, 3), (1, -1, 2), (1, -2, 2), (2, -2, 2), (2, -2, 3), (1, -2, 3), (0, -2, 3), (0, -1, 3), (0, -1, 2), (0, -2, 2), (0, -2, 1), (0, -2, 0), (1, -2, 0), (1, -2, 1), (2, -2, 1), (3, -2, 1), (3, -2, 2), (3, -2, 3), (3, -1, 3), (2, -1, 3), (2, 0, 3), (2, 0, 2), (3, 0, 2), (3, 0, 3), (3, 0, 4), (2, 0, 4), (2, -1, 4), (2, -2, 4), (1, -2, 4), (1, -1, 4), (1, 0, 4), (1, 1, 4), (1, 1, 3), (2, 1, 3), (2, 1, 2), (2, 1, 1), (1, 1, 1), (1, 1, 2), (1, 2, 2), (1, 2, 1), (1, 2, 0)]"
training,125883,46.0,"[(0, 0, 0), (1, 0, 0), (2, 0, 0), (2, -1, 0), (2, -2, 0), (1, -2, 0), (1, -1, 0), (1, -1, 1), (1, -1, 2), (1, 0, 2), (1, 0, 1), (2, 0, 1), (2, -1, 1), (2, -2, 1), (3, -2, 1), (4, -2, 1), (4, -2, 2), (4, -1, 2), (3, -1, 2), (2, -1, 2), (2, 0, 2), (2, 0, 3), (1, 0, 3), (1, -1, 3), (2, -1, 3), (3, -1, 3), (4, -1, 3), (4, -1, 4), (3, -1, 4), (2, -1, 4), (1, -1, 4), (1, 0, 4), (1, 0, 5), (2, 0, 5), (2, 0, 4), (2, 1, 4), (2, 1, 3), (2, 1, 2), (2, 1, 1), (3, 1, 1), (3, 0, 1), (3, 0, 0), (3, -1, 0), (3, -1, 1), (4, -1, 1), (4, -1, 0), (4, 0, 0), (4, 0, 1), (4, 0, 2), (3, 0, 2), (3, 1, 2), (3, 1, 3), (3, 0, 3), (3, 0, 4), (4, 0, 4), (4, 0, 3), (4, 1, 3), (4, 1, 4), (3, 1, 4), (3, 1, 5)]"
training,125980,46.0,"[(0, 0, 0), (1, 0, 0), (2, 0, 0), (2, -1, 0), (3, -1, 0), (3, 0, 0), (3, 0, 1), (2, 0, 1), (2, -1, 1), (3, -1, 1), (3, -1, 2), (2, -1, 2), (2, -2, 2), (3, -2, 2), (3, -3, 2), (2, -3, 2), (2, -3, 1), (2, -2, 1), (1, -2, 1), (1, -2, 2), (1, -1, 2), (1, -1, 1), (1, 0, 1), (1, 0, 2), (2, 0, 2), (2, 0, 3), (2, -1, 3), (1, -1, 3), (1, 0, 3), (1, 0, 4), (2, 0, 4), (2, -1, 4), (3, -1, 4), (3, -2, 4), (3, -2, 3), (3, -1, 3), (3, 0, 3), (4, 0, 3), (4, 0, 2), (3, 0, 2), (3, 1, 2), (3, 1, 1), (2, 1, 1), (2, 1, 2), (2, 1, 3), (3, 1, 3), (4, 1, 3), (4, 1, 2), (4, 1, 1), (4, 0, 1), (4, -1, 1), (4, -1, 2), (4, -1, 3), (4, -2, 3), (4, -2, 2), (4, -2, 1), (3, -2, 1), (3, -3, 1), (4, -3, 1), (5, -3, 1)]"
training,130311,46.0,"[(0, 0, 0), (1, 0, 0), (2, 0, 0), (3, 0, 0), (4, 0, 0), (4, -1, 0), (3, -1, 0), (3, -1, 1), (3, 0, 1), (3, 0, 2), (3, 0, 3), (2, 0, 3), (2, 0, 2), (2, 0, 1), (2, -1, 1), (2, -1, 2), (3, -1, 2), (4, -1, 2), (4, -1, 1), (4, 0, 1), (4, 1, 1), (4, 1, 0), (3, 1, 0), (2, 1, 0), (2, 1, 1), (2, 1, 2), (2, 1, 3), (2, 1, 4), (2, 0, 4), (3, 0, 4), (4, 0, 4), (4, 0, 3), (4, 0, 2), (4, 1, 2), (3, 1, 2), (3, 1, 1), (3, 2, 1), (4, 2, 1), (4, 2, 2), (3, 2, 2), (2, 2, 2), (2, 2, 1), (2, 2, 0), (3, 2, 0), (4, 2, 0), (4, 2, -1), (3, 2, -1), (2, 2, -1), (2, 1, -1), (2, 0, -1), (3, 0, -1), (4, 0, -1), (4, 1, -1), (3, 1, -1), (3, 1, -2), (3, 0, -2), (3, -1, -2), (2, -1, -2), (2, 0, -2), (2, 1, -2)]"
training,132826,46.0,"[(0, 0, 0), (1, 0, 0), (2, 0, 0), (3, 0, 0), (3, -1, 0), (2, -1, 0), (2, -1, 1), (2, 0, 1), (2, 0, 2), (3, 0, 2), (3, 0, 1), (3, -1, 1), (3, -1, 2), (2, -1, 2), (2, -2, 2), (3, -2, 2), (3, -2, 1), (4, -2, 1), (4, -1, 1), (4, -1, 2), (4, 0, 2), (4, 0, 1), (5, 0, 1), (5, 0, 2), (5, -1, 2), (5, -1, 1), (6, -1, 1), (6, -1, 2), (6, -2, 2), (5, -2, 2), (5, -2, 1), (5, -2, 0), (5, -1, 0), (4, -1, 0), (4, 0, 0), (4, 1, 0), (4, 1, 1), (3, 1, 1), (3, 1, 0), (2, 1, 0), (2, 1, 1), (2, 1, 2), (2, 1, 3), (2, 0, 3), (2, -1, 3), (3, -1, 3), (4, -1, 3), (4, 0, 3), (3, 0, 3), (3, 1, 3), (3, 1, 2), (4, 1, 2), (5, 1, 2), (5, 1, 1), (5, 1, 0), (5, 0, 0), (6, 0, 0), (6, 0, -1), (5, 0, -1), (4, 0, -1)]"
training,132874,47.0,"[(0, 0, 0), (1, 0, 0), (2, 0, 0), (3, 0, 0), (4, 0, 0), (4, -1, 0), (3, -1, 0), (3, -1, 1), (3, 0, 1), (3, 0, 2), (3, -1, 2), (2, -1, 2), (2, -2, 2), (3, -2, 2), (3, -2, 1), (4, -2, 1), (4, -1, 1), (4, -1, 2), (4, -2, 2), (4, -2, 3), (4, -1, 3), (3, -1, 3), (3, -2, 3), (2, -2, 3), (2, -1, 3), (1, -1, 3), (1, -1, 2), (1, -2, 2), (1, -2, 1), (1, -2, 0), (1, -2, -1), (2, -2, -1), (2, -2, 0), (2, -2, 1), (2, -1, 1), (2, -1, 0), (1, -1, 0), (1, -1, 1), (1, 0, 1), (2, 0, 1), (2, 1, 1), (2, 1, 0), (3, 1, 0), (3, 1, 1), (3, 1, 2), (3, 1, 3), (4, 1, 3), (4, 1, 2), (4, 1, 1), (4, 0, 1), (4, 0, 2), (4, 0, 3), (3, 0, 3), (2, 0, 3), (1, 0, 3), (1, 0, 2), (2, 0, 2), (2, 1, 2), (1, 1, 2), (1, 2, 2)]"
training,166646,47.0,"[(0, 0, 0), (1, 0, 0), (2, 0, 0), (2, -1, 0), (2, -2, 0), (1, -2, 0), (1, -2, 1), (2, -2, 1), (2, -3, 1), (3, -3, 1), (3, -2, 1), (3, -2, 0), (3, -3, 0), (2, -3, 0), (1, -3, 0), (1, -3, 1), (1, -3, 2), (1, -2, 2), (2, -2, 2), (2, -3, 2), (3, -3, 2), (3, -2, 2), (4, -2, 2), (4, -1, 2), (3, -1, 2), (2, -1, 2), (2, 0, 2), (1, 0, 2), (1, 0, 3), (2, 0, 3), (2, -1, 3), (3, -1, 3), (3, -2, 3), (2, -2, 3), (2, -3, 3), (3, -3, 3), (4, -3, 3), (4, -3, 2), (4, -3, 1), (4, -2, 1), (4, -1, 1), (3, -1, 1), (2, -1, 1), (2, 0, 1), (2, 1, 1), (2, 1, 2), (3, 1, 2), (3, 0, 2), (3, 0, 1), (3, 0, 0), (3, -1, 0), (4, -1, 0), (4, -2, 0), (4, -3, 0), (4, -4, 0), (4, -4, 1), (4, -4, 2), (3, -4, 2), (3, -4, 1), (2, -4, 1)]"
training,172489,47.0,"[(0, 0, 0), (1, 0, 0), (2, 0, 0), (3, 0, 0), (4, 0, 0), (4, -1, 0), (4, -1, 1), (4, -1, 2), (3, -1, 2), (2, -1, 2), (2, -1, 1), (2, -2, 1), (2, -2, 0), (2, -3, 0), (2, -3, -1), (3, -3, -1), (3, -3, 0), (3, -2, 0), (3, -2, 1), (3, -1, 1), (3, -1, 0), (2, -1, 0), (1, -1, 0), (1, -2, 0), (1, -2, 1), (1, -1, 1), (1, -1, 2), (1, -2, 2), (2, -2, 2), (3, -2, 2), (3, -2, 3), (2, -2, 3), (2, -1, 3), (3, -1, 3), (3, 0, 3), (3, 0, 2), (2, 0, 2), (2, 0, 1), (1, 0, 1), (1, 0, 2), (1, 0, 3), (2, 0, 3), (2, 1, 3), (2, 1, 2), (1, 1, 2), (1, 1, 1), (2, 1, 1), (3, 1, 1), (3, 0, 1), (4, 0, 1), (4, 0, 2), (4, 1, 2), (3, 1, 2), (3, 1, 3), (4, 1, 3), (4, 0, 3), (4, -1, 3), (4, -2, 3), (4, -2, 2), (4, -2, 1)]"
training,178271,47.0,"[(0, 0, 0), (1, 0, 0), (2, 0, 0), (3, 0, 0), (4, 0, 0), (4, -1, 0), (4, -1, 1), (4, -1, 2), (4, -1, 3), (3, -1, 3), (3, -1, 2), (3, -1, 1), (3, -2, 1), (3, -3, 1), (3, -3, 0), (3, -2, 0), (2, -2, 0), (2, -2, 1), (2, -2, 2), (2, -1, 2), (2, -1, 1), (2, 0, 1), (2, 0, 2), (3, 0, 2), (3, 0, 1), (3, 1, 1), (3, 1, 2), (2, 1, 2), (2, 1, 1), (2, 1, 0), (3, 1, 0), (4, 1, 0), (4, 1, 1), (4, 0, 1), (4, 0, 2), (4, 0, 3), (3, 0, 3), (2, 0, 3), (2, -1, 3), (2, -2, 3), (3, -2, 3), (3, -2, 2), (4, -2, 2), (4, -2, 1), (4, -2, 0), (5, -2, 0), (5, -2, 1), (5, -1, 1), (5, -1, 2), (5, 0, 2), (5, 0, 1), (5, 1, 1), (5, 1, 2), (4, 1, 2), (4, 1, 3), (3, 1, 3), (2, 1, 3), (1, 1, 3), (1, 0, 3), (1, 0, 2)]"
training,185946,47.0,"[(0, 0, 0), (1, 0, 0), (2, 0, 0), (3, 0, 0), (4, 0, 0), (4, -1, 0), (4, -1, 1), (4, -2, 1), (3, -2, 1), (3, -1, 1), (3, -1, 0), (2, -1, 0), (2, -1, -1), (2, -2, -1), (2, -2, -2), (2, -1, -2), (3, -1, -2), (3, -1, -1), (3, -2, -1), (3, -2, 0), (2, -2, 0), (2, -2, 1), (2, -1, 1), (2, -1, 2), (2, 0, 2), (3, 0, 2), (3, -1, 2), (3, -1, 3), (2, -1, 3), (2, -2, 3), (2, -2, 2), (1, -2, 2), (1, -2, 1), (1, -2, 0), (1, -1, 0), (1, -1, 1), (1, 0, 1), (2, 0, 1), (3, 0, 1), (4, 0, 1), (4, 0, 2), (4, -1, 2), (4, -2, 2), (3, -2, 2), (3, -3, 2), (3, -3, 1), (3, -3, 0), (2, -3, 0), (2, -3, 1), (1, -3, 1), (1, -3, 0), (1, -3, -1), (1, -2, -1), (1, -1, -1), (1, 0, -1), (2, 0, -1), (3, 0, -1), (4, 0, -1), (4, -1, -1), (5, -1, -1)]"
training,187868,47.0,"[(0, 0, 0), (1, 0, 0), (2, 0, 0), (3, 0, 0), (4, 0, 0), (4, -1, 0), (4, -1, 1), (4, 0, 1), (4, 0, 2), (4, -1, 2), (3, -1, 2), (3, -1, 1), (3, -2, 1), (3, -2, 2), (3, -3, 2), (3, -3, 1), (3, -3, 0), (3, -2, 0), (2, -2, 0), (2, -2, 1), (2, -2, 2), (2, -1, 2), (2, -1, 1), (2, 0, 1), (2, 0, 2), (1, 0, 2), (1, -1, 2), (1, -1, 3), (2, -1, 3), (3, -1, 3), (3, 0, 3), (2, 0, 3), (2, 1, 3), (2, 1, 2), (3, 1, 2), (3, 0, 2), (3, 0, 1), (3, 1, 1), (2, 1, 1), (2, 1, 0), (3, 1, 0), (4, 1, 0), (4, 1, 1), (4, 1, 2), (4, 2, 2), (3, 2, 2), (3, 2, 1), (2, 2, 1), (2, 2, 2), (1, 2, 2), (1, 1, 2), (1, 1, 1), (1, 0, 1), (1, -1, 1), (1, -1, 0), (2, -1, 0), (3, -1, 0), (3, -1, -1), (4, -1, -1), (4, 0, -1)]"
training,188155,47.0,"[(0, 0, 0), (1, 0, 0), (2, 0, 0), (3, 0, 0), (4, 0, 0), (5, 0, 0), (5, -1, 0), (4, -1, 0), (3, -1, 0), (2, -1, 0), (2, -2, 0), (2, -3, 0), (3, -3, 0), (3, -2, 0), (4, -2, 0), (5, -2, 0), (5, -3, 0), (4, -3, 0), (4, -3, 1), (4, -2, 1), (4, -1, 1), (4, -1, 2), (3, -1, 2), (3, -1, 1), (3, -2, 1), (3, -2, 2), (4, -2, 2), (4, -2, 3), (4, -1, 3), (3, -1, 3), (3, -2, 3), (2, -2, 3), (2, -2, 2), (2, -2, 1), (2, -1, 1), (2, -1, 2), (2, 0, 2), (2, 0, 1), (3, 0, 1), (4, 0, 1), (4, 0, 2), (3, 0, 2), (3, 1, 2), (3, 1, 1), (3, 2, 1), (3, 2, 2), (2, 2, 2), (2, 1, 2), (2, 1, 1), (2, 1, 0), (3, 1, 0), (4, 1, 0), (4, 1, 1), (4, 1, 2), (4, 1, 3), (4, 0, 3), (3, 0, 3), (2, 0, 3), (2, -1, 3), (2, -1, 4)]"
training,190717,48.0,"[(0, 0, 0), (1, 0, 0), (2, 0, 0), (3, 0, 0), (4, 0, 0), (5, 0, 0), (5, -1, 0), (4, -1, 0), (3, -1, 0), (2, -1, 0), (2, -2, 0), (3, -2, 0), (4, -2, 0), (5, -2, 0), (6, -2, 0), (6, -1, 0), (6, -1, 1), (5, -1, 1), (4, -1, 1), (3, -1, 1), (2, -1, 1), (2, -2, 1), (3, -2, 1), (4, -2, 1), (5, -2, 1), (5, -2, 2), (4, -2, 2), (3, -2, 2), (2, -2, 2), (1, -2, 2), (1, -2, 1), (1, -2, 0), (1, -1, 0), (1, -1, 1), (1, -1, 2), (2, -1, 2), (3, -1, 2), (4, -1, 2), (5, -1, 2), (5, 0, 2), (4, 0, 2), (3, 0, 2), (3, 0, 1), (4, 0, 1), (5, 0, 1), (5, 1, 1), (4, 1, 1), (4, 1, 2), (3, 1, 2), (3, 1, 1), (2, 1, 1), (2, 0, 1), (2, 0, 2), (2, 1, 2), (1, 1, 2), (1, 0, 2), (1, 0, 1), (1, 1, 1), (1, 1, 0), (1, 1, -1)]"
training,194493,48.0,"[(0, 0, 0), (1, 0, 0), (1, -1, 0), (2, -1, 0), (2, -2, 0), (3, -2, 0), (3, -1, 0), (3, -1, 1), (2, -1, 1), (2, -2, 1), (3, -2, 1), (3, -3, 1), (3, -3, 0), (2, -3, 0), (2, -3, -1), (2, -2, -1), (1, -2, -1), (1, -2, 0), (1, -2, 1), (1, -2, 2), (1, -1, 2), (1, -1, 1), (0, -1, 1), (0, -1, 2), (0, -2, 2), (0, -2, 1), (0, -2, 0), (0, -1, 0), (0, -1, -1), (0, -2, -1), (0, -3, -1), (1, -3, -1), (1, -3, 0), (1, -3, 1), (2, -3, 1), (2, -3, 2), (2, -2, 2), (2, -1, 2), (3, -1, 2), (3, -2, 2), (3, -3, 2), (3, -4, 2), (2, -4, 2), (2, -4, 1), (2, -4, 0), (2, -4, -1), (1, -4, -1), (1, -4, 0), (1, -4, 1), (1, -4, 2), (1, -3, 2), (0, -3, 2), (0, -3, 1), (0, -3, 0), (0, -4, 0), (0, -4, 1), (0, -4, 2), (0, -4, 3), (-1, -4, 3), (-1, -4, 4)]"
training,194494,49.0,"[(0, 0, 0), (1, 0, 0), (1, -1, 0), (2, -1, 0), (2, -2, 0), (3, -2, 0), (3, -1, 0), (3, -1, 1), (2, -1, 1), (2, -2, 1), (3, -2, 1), (3, -3, 1), (3, -3, 0), (2, -3, 0), (2, -3, -1), (2, -2, -1), (1, -2, -1), (1, -2, 0), (1, -2, 1), (1, -2, 2), (1, -1, 2), (1, -1, 1), (0, -1, 1), (0, -1, 2), (0, -2, 2), (0, -2, 1), (0, -2, 0), (0, -1, 0), (0, -1, -1), (0, -2, -1), (0, -3, -1), (1, -3, -1), (1, -3, 0), (1, -3, 1), (2, -3, 1), (2, -3, 2), (2, -2, 2), (2, -1, 2), (3, -1, 2), (3, -2, 2), (3, -3, 2), (3, -4, 2), (2, -4, 2), (2, -4, 1), (2, -4, 0), (2, -4, -1), (1, -4, -1), (1, -4, 0), (1, -4, 1), (1, -4, 2), (1, -3, 2), (0, -3, 2), (0, -3, 1), (0, -3, 0), (0, -4, 0), (0, -4, 1), (0, -4, 2), (0, -4, 3), (0, -3, 3), (0, -2, 3)]"
training,285588,49.0,"[(0, 0, 0), (1, 0, 0), (2, 0, 0), (3, 0, 0), (4, 0, 0), (4, -1, 0), (3, -1, 0), (2, -1, 0), (2, -1, 1), (2, 0, 1), (3, 0, 1), (3, -1, 1), (4, -1, 1), (4, 0, 1), (5, 0, 1), (5, 0, 0), (5, 1, 0), (4, 1, 0), (3, 1, 0), (3, 1, 1), (4, 1, 1), (4, 2, 1), (3, 2, 1), (3, 2, 0), (4, 2, 0), (4, 2, -1), (4, 1, -1), (4, 0, -1), (3, 0, -1), (3, -1, -1), (2, -1, -1), (2, 0, -1), (2, 1, -1), (3, 1, -1), (3, 2, -1), (2, 2, -1), (2, 2, 0), (2, 1, 0), (2, 1, 1), (2, 2, 1), (2, 3, 1), (3, 3, 1), (3, 3, 0), (2, 3, 0), (2, 3, -1), (3, 3, -1), (4, 3, -1), (4, 3, 0), (4, 3, 1), (4, 3, 2), (3, 3, 2), (3, 2, 2), (3, 1, 2), (3, 0, 2), (4, 0, 2), (4, 1, 2), (4, 2, 2), (5, 2, 2), (5, 1, 2), (6, 1, 2)]"
training,288735,49.0,"[(0, 0, 0), (1, 0, 0), (2, 0, 0), (3, 0, 0), (4, 0, 0), (4, -1, 0), (3, -1, 0), (3, -1, 1), (3, 0, 1), (2, 0, 1), (2, 1, 1), (3, 1, 1), (3, 1, 0), (3, 1, -1), (3, 1, -2), (2, 1, -2), (2, 0, -2), (2, 0, -1), (3, 0, -1), (3, -1, -1), (2, -1, -1), (2, -1, 0), (2, -1, 1), (2, -1, 2), (3, -1, 2), (3, 0, 2), (2, 0, 2), (1, 0, 2), (1, 0, 1), (1, -1, 1), (1, -1, 0), (1, -1, -1), (1, 0, -1), (1, 1, -1), (1, 1, 0), (2, 1, 0), (2, 1, -1), (2, 2, -1), (2, 2, 0), (2, 2, 1), (3, 2, 1), (3, 2, 0), (3, 2, -1), (3, 3, -1), (3, 3, 0), (3, 3, 1), (2, 3, 1), (2, 3, 0), (2, 3, -1), (1, 3, -1), (1, 2, -1), (1, 2, 0), (1, 2, 1), (1, 1, 1), (1, 1, 2), (2, 1, 2), (3, 1, 2), (3, 2, 2), (2, 2, 2), (2, 3, 2)]"
training,291219,49.0,"[(0, 0, 0), (1, 0, 0), (2, 0, 0), (3, 0, 0), (4, 0, 0), (4, -1, 0), (3, -1, 0), (3, -1, 1), (3, 0, 1), (2, 0, 1), (2, -1, 1), (2, -1, 0), (2, -1, -1), (2, 0, -1), (2, 0, -2), (2, 1, -2), (2, 1, -1), (2, 1, 0), (2, 1, 1), (2, 1, 2), (2, 0, 2), (2, -1, 2), (3, -1, 2), (3, 0, 2), (3, 1, 2), (3, 1, 1), (3, 1, 0), (3, 1, -1), (3, 0, -1), (3, -1, -1), (3, -2, -1), (2, -2, -1), (2, -2, 0), (3, -2, 0), (3, -2, 1), (2, -2, 1), (2, -2, 2), (3, -2, 2), (4, -2, 2), (4, -1, 2), (4, 0, 2), (4, 0, 1), (4, -1, 1), (4, -2, 1), (4, -2, 0), (4, -2, -1), (4, -1, -1), (4, 0, -1), (4, 1, -1), (4, 1, 0), (4, 1, 1), (4, 1, 2), (4, 1, 3), (4, 0, 3), (3, 0, 3), (3, -1, 3), (4, -1, 3), (4, -2, 3), (3, -2, 3), (3, -2, 4)]"
training,294230,49.0,"[(0, 0, 0), (1, 0, 0), (2, 0, 0), (3, 0, 0), (4, 0, 0), (4, -1, 0), (3, -1, 0), (2, -1, 0), (2, -1, 1), (3, -1, 1), (3, 0, 1), (3, 1, 1), (2, 1, 1), (2, 0, 1), (1, 0, 1), (1, 1, 1), (1, 1, 0), (2, 1, 0), (3, 1, 0), (3, 2, 0), (3, 2, 1), (2, 2, 1), (2, 2, 2), (3, 2, 2), (3, 1, 2), (3, 0, 2), (2, 0, 2), (2, -1, 2), (3, -1, 2), (3, -1, 3), (3, 0, 3), (4, 0, 3), (4, 0, 2), (4, 1, 2), (4, 1, 1), (4, 2, 1), (4, 2, 2), (5, 2, 2), (5, 2, 1), (5, 1, 1), (5, 1, 2), (5, 0, 2), (5, 0, 1), (4, 0, 1), (4, -1, 1), (4, -1, 2), (5, -1, 2), (5, -1, 1), (5, -1, 0), (5, 0, 0), (5, 1, 0), (4, 1, 0), (4, 2, 0), (5, 2, 0), (5, 3, 0), (4, 3, 0), (4, 3, 1), (3, 3, 1), (3, 3, 0), (3, 4, 0)]"
training,296523,49.0,"[(0, 0, 0), (1, 0, 0), (2, 0, 0), (3, 0, 0), (4, 0, 0), (4, -1, 0), (3, -1, 0), (2, -1, 0), (1, -1, 0), (1, -1, 1), (2, -1, 1), (3, -1, 1), (3, 0, 1), (2, 0, 1), (1, 0, 1), (1, 1, 1), (1, 1, 0), (1, 1, -1), (1, 0, -1), (1, -1, -1), (2, -1, -1), (3, -1, -1), (3, 0, -1), (2, 0, -1), (2, 0, -2), (3, 0, -2), (3, -1, -2), (3, -2, -2), (2, -2, -2), (2, -3, -2), (3, -3, -2), (3, -3, -1), (3, -2, -1), (2, -2, -1), (2, -2, 0), (3, -2, 0), (3, -2, 1), (2, -2, 1), (1, -2, 1), (1, -2, 0), (1, -2, -1), (1, -2, -2), (1, -1, -2), (2, -1, -2), (2, -1, -3), (3, -1, -3), (3, 0, -3), (2, 0, -3), (1, 0, -3), (1, 0, -2), (1, 1, -2), (2, 1, -2), (2, 1, -1), (2, 1, 0), (2, 1, 1), (3, 1, 1), (3, 1, 0), (3, 1, -1), (3, 1, -2), (3, 1, -3)]"
training,297783,49.0,"[(0, 0, 0), (1, 0, 0), (2, 0, 0), (3, 0, 0), (4, 0, 0), (4, -1, 0), (3, -1, 0), (2, -1, 0), (2, -1, 1), (2, -2, 1), (2, -2, 0), (3, -2, 0), (3, -2, -1), (3, -1, -1), (3, -1, -2), (2, -1, -2), (2, -2, -2), (2, -2, -1), (2, -3, -1), (3, -3, -1), (3, -3, 0), (2, -3, 0), (2, -3, 1), (3, -3, 1), (3, -2, 1), (4, -2, 1), (4, -2, 0), (4, -3, 0), (4, -3, -1), (4, -2, -1), (4, -1, -1), (4, 0, -1), (3, 0, -1), (2, 0, -1), (2, -1, -1), (1, -1, -1), (1, -1, 0), (1, -2, 0), (1, -2, 1), (1, -1, 1), (1, 0, 1), (2, 0, 1), (3, 0, 1), (3, -1, 1), (4, -1, 1), (4, 0, 1), (4, 0, 2), (3, 0, 2), (3, -1, 2), (2, -1, 2), (2, -2, 2), (3, -2, 2), (3, -3, 2), (2, -3, 2), (1, -3, 2), (1, -3, 1), (1, -3, 0), (1, -3, -1), (1, -2, -1), (1, -2, -2)]"
